Unique_Identifier,Review
abc1,Este producto es increíble y muy útil.
def2,Cette produit est de très bonne qualité.
xyz3,Dieses Produkt hat meine Erwartungen übertroffen.
pqr4,Este produto é surpreendente e de alta qualidade.
lmn5,Questo prodotto è davvero eccezionale.
hij6,Este produto é maravilhoso e muito eficiente.
klm7,Questo prodotto è davvero eccezionale.
stu8,Cette produit est de très bonne qualité.
vwx9,Este produto é maravilhoso e muito eficiente.
yza0,Este produto é surpreendente e de alta qualidade.
